,code,buy_date,sell_date,buy_price,sell_price,buy_type,sell_type,profit_pct
0,000001.XSHE,2023-03-13,2023-03-14,12.95,12.68,创新高买入,开盘卖出,-2.08
1,000002.XSHE,2023-10-23,2023-10-26,11.8,11.62,创新高买入,开盘卖出,-1.53
2,000002.XSHE,2023-12-07,2023-12-08,10.93,10.75,创新高买入,止损卖出,-1.65
3,000014.XSHE,2023-04-27,2023-05-10,8.74,10.44,创新高买入,止损卖出,19.45
4,000016.XSHE,2023-10-26,2023-11-01,4.12,4.19,创新高买入,止损卖出,1.7
5,000017.XSHE,2023-06-28,2023-06-30,4.23,4.2,创新高买入,止损卖出,-0.71
6,000020.XSHE,2023-04-27,2023-05-10,9.48,9.83,创新高买入,止损卖出,3.69
7,000020.XSHE,2023-07-17,2023-07-18,13.39,12.93,创新高买入,止损卖出,-3.44
8,000020.XSHE,2023-10-25,2023-11-07,11.17,12.59,创新高买入,止损卖出,12.71
9,000026.XSHE,2023-10-25,2023-10-26,10.25,10.12,创新高买入,止损卖出,-1.27
10,000029.XSHE,2023-05-23,2023-05-24,11.32,10.94,创新高买入,止损卖出,-3.36
11,000029.XSHE,2023-10-25,2023-10-26,10.91,10.89,创新高买入,止损卖出,-0.18
12,000030.XSHE,2023-03-16,2023-03-17,4.58,4.52,创新高买入,止损卖出,-1.31
13,000031.XSHE,2023-06-28,2023-06-29,3.7,3.62,创新高买入,止损卖出,-2.16
14,000032.XSHE,2023-08-30,2023-09-01,27.34,26.95,创新高买入,止损卖出,-1.43
15,000032.XSHE,2023-09-25,2023-10-11,22.58,22.45,创新高买入,止损卖出,-0.58
16,000032.XSHE,2023-12-29,,20.38,,创新高买入,,
17,000034.XSHE,2023-09-21,2023-09-26,28.5,28.2,创新高买入,开盘卖出,-1.05
18,000035.XSHE,2023-06-16,2023-06-19,4.39,4.38,创新高买入,止损卖出,-0.23
19,000035.XSHE,2023-12-21,2023-12-25,4.77,4.64,创新高买入,止损卖出,-2.73
20,000042.XSHE,2023-04-27,2023-05-08,7.75,8.33,创新高买入,止损卖出,7.48
21,000042.XSHE,2023-06-28,2023-06-29,7.48,7.3,创新高买入,止损卖出,-2.41
22,000042.XSHE,2023-12-13,2023-12-18,6.25,6.26,创新高买入,止损卖出,0.16
23,000045.XSHE,2023-06-30,2023-07-06,10.85,10.9,创新高买入,止损卖出,0.46
24,000048.XSHE,2023-10-18,2023-10-19,18.3,17.89,创新高买入,止损卖出,-2.24
25,000049.XSHE,2023-11-29,2023-12-08,28.56,28.49,创新高买入,止损卖出,-0.25
26,000056.XSHE,2023-01-11,2023-01-13,4.57,4.62,创新高买入,止损卖出,1.09
27,000058.XSHE,2023-06-28,2023-07-05,6.13,6.2,创新高买入,止损卖出,1.14
28,000060.XSHE,2023-05-29,2023-06-07,4.6,4.74,创新高买入,止损卖出,3.04
29,000062.XSHE,2023-10-25,2023-11-01,10.62,11.33,创新高买入,止损卖出,6.69
30,000063.XSHE,2023-04-06,2023-04-10,32.73,34.96,创新高买入,止损卖出,6.81
31,000063.XSHE,2023-10-27,2023-11-01,25.74,26.0,创新高买入,止损卖出,1.01
32,000066.XSHE,2023-04-03,2023-04-06,12.41,13.29,创新高买入,开盘卖出,7.09
33,000066.XSHE,2023-05-08,2023-05-10,11.44,11.29,创新高买入,开盘卖出,-1.31
34,000066.XSHE,2023-06-29,2023-06-30,14.4,13.92,创新高买入,开盘卖出,-3.33
35,000066.XSHE,2023-07-17,2023-07-19,13.34,12.94,创新高买入,开盘卖出,-3.0
36,000066.XSHE,2023-08-30,2023-09-06,10.77,10.9,创新高买入,开盘卖出,1.21
37,000066.XSHE,2023-12-29,,10.05,,创新高买入,,
38,000068.XSHE,2023-02-10,2023-02-15,3.96,4.03,创新高买入,止损卖出,1.77
39,000090.XSHE,2023-05-05,2023-05-10,5.21,5.12,创新高买入,止损卖出,-1.73
40,000099.XSHE,2023-04-27,2023-05-10,7.37,8.01,创新高买入,止损卖出,8.68
41,000099.XSHE,2023-08-30,2023-08-31,8.31,8.14,创新高买入,止损卖出,-2.05
42,000100.XSHE,2023-08-15,2023-08-16,4.03,3.96,创新高买入,止损卖出,-1.74
43,000156.XSHE,2023-05-29,2023-05-30,8.34,8.23,创新高买入,止损卖出,-1.32
44,000400.XSHE,2023-08-18,2023-08-21,19.3,19.0,创新高买入,开盘卖出,-1.55
45,000417.XSHE,2023-04-13,2023-04-17,4.57,4.54,创新高买入,开盘卖出,-0.66
46,000417.XSHE,2023-10-30,2023-11-09,4.73,4.83,创新高买入,止损卖出,2.11
47,000419.XSHE,2023-01-10,2023-01-11,6.54,6.43,创新高买入,止损卖出,-1.68
48,000430.XSHE,2023-09-25,2023-09-26,7.21,7.1,创新高买入,止损卖出,-1.53
49,000488.XSHE,2023-08-28,2023-08-29,4.77,4.67,创新高买入,止损卖出,-2.1
50,000503.XSHE,2023-12-26,2023-12-27,12.98,12.42,创新高买入,止损卖出,-4.31
51,000513.XSHE,2023-08-09,2023-08-14,33.03,33.16,创新高买入,止损卖出,0.39
52,000513.XSHE,2023-10-27,2023-11-01,32.99,34.51,创新高买入,止损卖出,4.61
53,000514.XSHE,2023-05-29,2023-05-30,3.71,3.6,创新高买入,止损卖出,-2.96
54,000516.XSHE,2023-03-22,2023-03-23,10.6,10.32,创新高买入,止损卖出,-2.64
55,000516.XSHE,2023-12-12,2023-12-13,8.8,8.56,创新高买入,止损卖出,-2.73
56,000518.XSHE,2023-12-05,2023-12-06,3.92,3.69,创新高买入,止损卖出,-5.87
57,000519.XSHE,2023-04-18,2023-04-19,20.08,19.61,创新高买入,止损卖出,-2.34
58,000519.XSHE,2023-08-18,2023-08-21,16.53,16.18,创新高买入,止损卖出,-2.12
59,000521.XSHE,2023-08-15,2023-08-17,6.28,6.2,创新高买入,止损卖出,-1.27
60,000526.XSHE,2023-04-25,2023-04-26,16.77,16.08,创新高买入,开盘卖出,-4.11
61,000539.XSHE,2023-04-07,2023-04-18,5.76,6.38,创新高买入,止损卖出,10.76
62,000539.XSHE,2023-08-28,2023-08-29,6.63,6.31,创新高买入,止损卖出,-4.83
63,000545.XSHE,2023-01-19,2023-02-03,3.49,3.76,创新高买入,止损卖出,7.74
64,000546.XSHE,2023-02-21,2023-02-23,12.02,12.08,创新高买入,止损卖出,0.5
65,000546.XSHE,2023-08-25,2023-08-28,6.72,6.53,创新高买入,止损卖出,-2.83
66,000546.XSHE,2023-09-27,2023-10-12,6.91,7.21,创新高买入,止损卖出,4.34
67,000546.XSHE,2023-10-23,2023-10-24,7.49,6.92,创新高买入,开盘卖出,-7.61
68,000547.XSHE,2023-08-30,2023-08-31,8.6,8.59,创新高买入,止损卖出,-0.12
69,000554.XSHE,2023-10-17,2023-10-18,6.19,6.11,创新高买入,止损卖出,-1.29
70,000555.XSHE,2023-10-26,2023-10-30,11.5,12.15,创新高买入,开盘卖出,5.65
71,000560.XSHE,2023-08-28,2023-08-31,2.95,3.13,创新高买入,止损卖出,6.1
72,000560.XSHE,2023-12-28,,2.21,,创新高买入,,
73,000565.XSHE,2023-05-04,2023-05-08,5.53,5.55,创新高买入,止损卖出,0.36
74,000581.XSHE,2023-03-14,2023-03-16,20.22,19.72,创新高买入,开盘卖出,-2.47
75,000581.XSHE,2023-04-18,2023-04-20,17.59,17.54,创新高买入,止损卖出,-0.28
76,000589.XSHE,2023-09-28,2023-10-10,6.62,6.71,创新高买入,止损卖出,1.36
77,000595.XSHE,2023-12-29,,4.75,,创新高买入,,
78,000600.XSHE,2023-08-11,2023-08-14,6.48,6.28,创新高买入,开盘卖出,-3.09
79,000603.XSHE,2023-12-28,2023-12-29,10.82,10.76,创新高买入,开盘卖出,-0.55
80,000610.XSHE,2023-01-09,2023-01-12,17.39,16.6,创新高买入,开盘卖出,-4.54
81,000617.XSHE,2023-02-21,2023-02-22,5.8,5.76,创新高买入,止损卖出,-0.69
82,000626.XSHE,2023-06-02,2023-06-06,7.21,7.32,创新高买入,止损卖出,1.53
83,000630.XSHE,2023-05-16,2023-05-17,2.99,2.92,创新高买入,开盘卖出,-2.34
84,000633.XSHE,2023-06-13,2023-06-14,7.27,7.16,创新高买入,止损卖出,-1.51
85,000657.XSHE,2023-03-14,2023-03-15,10.57,10.35,创新高买入,止损卖出,-2.08
86,000659.XSHE,2023-12-13,2023-12-14,2.56,2.51,创新高买入,止损卖出,-1.95
87,000678.XSHE,2023-02-21,2023-02-22,6.51,6.45,创新高买入,止损卖出,-0.92
88,000681.XSHE,2023-08-23,2023-08-25,15.68,15.16,创新高买入,开盘卖出,-3.32
89,000683.XSHE,2023-04-07,2023-04-10,8.26,8.12,创新高买入,止损卖出,-1.69
90,000683.XSHE,2023-12-20,2023-12-21,5.83,5.76,创新高买入,开盘卖出,-1.2
91,000690.XSHE,2023-06-20,2023-06-29,6.68,6.97,创新高买入,开盘卖出,4.34
92,000690.XSHE,2023-08-25,2023-08-29,6.0,5.93,创新高买入,止损卖出,-1.17
93,000695.XSHE,2023-05-12,2023-05-15,14.16,13.75,创新高买入,止损卖出,-2.9
94,000703.XSHE,2023-04-26,2023-04-27,7.92,7.72,创新高买入,止损卖出,-2.53
95,000708.XSHE,2023-08-25,2023-08-29,14.37,14.53,创新高买入,止损卖出,1.11
96,000715.XSHE,2023-05-11,2023-05-15,7.3,7.3,创新高买入,止损卖出,0.0
97,000722.XSHE,2023-09-25,2023-09-26,10.29,10.13,创新高买入,开盘卖出,-1.55
98,000723.XSHE,2023-06-16,2023-06-20,6.82,6.74,创新高买入,开盘卖出,-1.17
99,000731.XSHE,2023-08-25,2023-08-29,7.5,7.51,创新高买入,止损卖出,0.13
100,000733.XSHE,2023-08-01,2023-08-03,89.48,89.71,创新高买入,止损卖出,0.26
101,000733.XSHE,2023-12-12,2023-12-14,59.9,60.25,创新高买入,止损卖出,0.58
102,000733.XSHE,2023-12-22,2023-12-26,57.09,57.61,创新高买入,止损卖出,0.91
103,000736.XSHE,2023-08-28,2023-08-29,14.49,14.0,创新高买入,止损卖出,-3.38
104,000738.XSHE,2023-01-18,2023-02-02,24.04,25.79,创新高买入,止损卖出,7.28
105,000738.XSHE,2023-12-12,2023-12-14,19.5,19.41,创新高买入,止损卖出,-0.46
106,000757.XSHE,2023-04-13,2023-04-14,4.25,4.13,创新高买入,开盘卖出,-2.82
107,000762.XSHE,2023-08-18,2023-08-21,27.26,26.63,创新高买入,止损卖出,-2.31
108,000766.XSHE,2023-09-27,2023-10-10,11.24,13.26,创新高买入,止损卖出,17.97
109,000777.XSHE,2023-08-04,2023-08-09,13.75,13.85,创新高买入,止损卖出,0.73
110,000786.XSHE,2023-11-01,2023-11-08,24.62,25.26,创新高买入,止损卖出,2.6
111,000790.XSHE,2023-06-30,2023-07-06,5.26,5.4,创新高买入,止损卖出,2.66
112,000798.XSHE,2023-12-22,2023-12-25,8.74,8.59,创新高买入,止损卖出,-1.72
113,000799.XSHE,2023-03-22,2023-03-23,127.86,124.31,创新高买入,开盘卖出,-2.78
114,000799.XSHE,2023-10-23,2023-10-24,75.75,73.61,创新高买入,止损卖出,-2.83
115,000801.XSHE,2023-12-12,2023-12-14,8.26,8.12,创新高买入,止损卖出,-1.69
116,000802.XSHE,2023-07-25,2023-07-26,8.87,8.4,创新高买入,开盘卖出,-5.3
117,000807.XSHE,2023-05-16,2023-05-17,12.81,12.72,创新高买入,止损卖出,-0.7
118,000807.XSHE,2023-05-29,2023-05-30,12.32,12.05,创新高买入,止损卖出,-2.19
119,000807.XSHE,2023-12-07,2023-12-08,11.79,11.6,创新高买入,止损卖出,-1.61
120,000811.XSHE,2023-09-06,2023-09-08,15.07,14.82,创新高买入,开盘卖出,-1.66
121,000818.XSHE,2023-06-13,2023-06-19,32.03,33.46,创新高买入,止损卖出,4.46
122,000819.XSHE,2023-02-21,2023-02-23,23.27,23.52,创新高买入,止损卖出,1.07
123,000819.XSHE,2023-03-22,2023-03-23,21.0,20.33,创新高买入,开盘卖出,-3.19
124,000821.XSHE,2023-04-26,2023-04-28,18.78,18.73,创新高买入,止损卖出,-0.27
125,000823.XSHE,2023-04-20,2023-04-21,10.34,10.07,创新高买入,止损卖出,-2.61
126,000829.XSHE,2023-05-11,2023-05-12,9.9,9.76,创新高买入,止损卖出,-1.41
127,000830.XSHE,2023-04-25,2023-04-26,11.19,10.76,创新高买入,止损卖出,-3.84
128,000830.XSHE,2023-05-09,2023-05-10,10.64,10.54,创新高买入,止损卖出,-0.94
129,000831.XSHE,2023-05-09,2023-05-11,32.21,32.96,创新高买入,止损卖出,2.33
130,000838.XSHE,2023-10-12,2023-10-13,3.31,3.26,创新高买入,止损卖出,-1.51
131,000848.XSHE,2023-04-14,2023-04-17,8.01,7.88,创新高买入,止损卖出,-1.62
132,000858.XSHE,2023-08-17,2023-08-18,167.4,164.5,创新高买入,止损卖出,-1.73
133,000859.XSHE,2023-06-13,2023-06-14,4.74,4.67,创新高买入,止损卖出,-1.48
134,000860.XSHE,2023-06-02,2023-06-05,32.1,31.05,创新高买入,止损卖出,-3.27
135,000876.XSHE,2023-12-05,2023-12-06,9.4,9.18,创新高买入,开盘卖出,-2.34
136,000876.XSHE,2023-12-07,2023-12-11,9.66,9.36,创新高买入,开盘卖出,-3.11
137,000878.XSHE,2023-05-04,2023-05-05,12.15,11.91,创新高买入,止损卖出,-1.98
138,000878.XSHE,2023-05-16,2023-05-17,11.42,11.28,创新高买入,开盘卖出,-1.23
139,000882.XSHE,2023-12-22,2023-12-25,1.73,1.68,创新高买入,开盘卖出,-2.89
140,000892.XSHE,2023-12-27,2023-12-28,4.2,3.99,创新高买入,止损卖出,-5.0
141,000893.XSHE,2023-09-25,2023-09-26,28.71,28.64,创新高买入,止损卖出,-0.24
142,000899.XSHE,2023-11-24,2023-11-27,8.55,8.36,创新高买入,开盘卖出,-2.22
143,000910.XSHE,2023-04-03,2023-04-06,9.11,9.05,创新高买入,止损卖出,-0.66
144,000913.XSHE,2023-04-07,2023-04-10,22.14,21.51,创新高买入,止损卖出,-2.85
145,000915.XSHE,2023-02-02,2023-02-03,44.4,43.09,创新高买入,止损卖出,-2.95
146,000921.XSHE,2023-07-12,2023-07-20,23.18,25.03,创新高买入,止损卖出,7.98
147,000921.XSHE,2023-09-12,2023-09-13,22.6,22.2,创新高买入,止损卖出,-1.77
148,000927.XSHE,2023-04-03,2023-04-07,2.86,2.98,创新高买入,止损卖出,4.2
149,000928.XSHE,2023-05-30,2023-06-05,8.48,8.8,创新高买入,止损卖出,3.77
150,000928.XSHE,2023-10-12,2023-10-13,6.98,6.87,创新高买入,止损卖出,-1.58
151,000936.XSHE,2023-07-25,2023-07-26,10.9,10.37,创新高买入,止损卖出,-4.86
152,000948.XSHE,2023-12-28,,14.71,,创新高买入,,
153,000950.XSHE,2023-05-30,2023-05-31,7.17,6.83,创新高买入,止损卖出,-4.74
154,000951.XSHE,2023-02-08,2023-02-09,15.22,14.83,创新高买入,止损卖出,-2.56
155,000951.XSHE,2023-04-14,2023-04-19,14.46,14.9,创新高买入,止损卖出,3.04
156,000955.XSHE,2023-12-22,2023-12-25,5.44,5.3,创新高买入,止损卖出,-2.57
157,000957.XSHE,2023-03-16,2023-03-20,11.2,10.91,创新高买入,止损卖出,-2.59
158,000960.XSHE,2023-08-16,2023-08-17,14.75,14.52,创新高买入,开盘卖出,-1.56
159,000963.XSHE,2023-08-04,2023-08-07,41.68,41.0,创新高买入,止损卖出,-1.63
160,000963.XSHE,2023-08-09,2023-08-10,40.7,39.58,创新高买入,止损卖出,-2.75
161,000965.XSHE,2023-05-26,2023-05-30,4.0,3.92,创新高买入,开盘卖出,-2.0
162,000965.XSHE,2023-12-28,,3.09,,创新高买入,,
163,000972.XSHE,2023-03-22,2023-03-23,3.91,3.67,创新高买入,止损卖出,-6.14
164,000975.XSHE,2023-11-10,2023-11-13,12.55,12.43,创新高买入,开盘卖出,-0.96
165,000977.XSHE,2023-07-14,2023-07-19,42.75,46.57,创新高买入,止损卖出,8.94
166,000977.XSHE,2023-09-12,2023-09-13,38.69,37.3,创新高买入,止损卖出,-3.59
167,000980.XSHE,2023-05-22,2023-05-23,2.79,2.74,创新高买入,止损卖出,-1.79
168,000980.XSHE,2023-12-29,,2.99,,创新高买入,,
169,000983.XSHE,2023-01-06,2023-01-16,9.62,10.08,创新高买入,止损卖出,4.78
170,000983.XSHE,2023-10-30,2023-10-31,8.77,8.54,创新高买入,开盘卖出,-2.62
171,000988.XSHE,2023-08-22,2023-08-24,31.79,30.6,创新高买入,止损卖出,-3.74
172,000997.XSHE,2023-10-27,2023-10-30,17.72,17.51,创新高买入,止损卖出,-1.19
173,000998.XSHE,2023-12-07,2023-12-08,15.68,15.34,创新高买入,止损卖出,-2.17
174,000999.XSHE,2023-10-24,2023-10-26,41.68,41.21,创新高买入,开盘卖出,-1.13
175,002001.XSHE,2023-06-02,2023-06-07,14.86,15.01,创新高买入,止损卖出,1.01
176,002006.XSHE,2023-04-25,2023-05-04,20.7,19.7,创新高买入,止损卖出,-4.83
177,002006.XSHE,2023-06-16,2023-06-19,20.33,20.09,创新高买入,止损卖出,-1.18
178,002011.XSHE,2023-10-30,2023-11-09,11.03,12.03,创新高买入,止损卖出,9.07
179,002015.XSHE,2023-01-30,2023-01-31,11.04,10.8,创新高买入,止损卖出,-2.17
180,002015.XSHE,2023-05-16,2023-05-22,13.43,14.27,创新高买入,止损卖出,6.25
181,002015.XSHE,2023-09-11,2023-09-13,11.77,12.22,创新高买入,止损卖出,3.82
182,002019.XSHE,2023-06-09,2023-06-13,13.88,13.79,创新高买入,止损卖出,-0.65
183,002019.XSHE,2023-10-27,2023-11-01,12.31,13.72,创新高买入,止损卖出,11.45
184,002022.XSHE,2023-08-10,2023-08-14,9.39,9.31,创新高买入,开盘卖出,-0.85
185,002026.XSHE,2023-06-12,2023-06-14,8.39,8.62,创新高买入,止损卖出,2.74
186,002028.XSHE,2023-04-12,2023-04-13,42.77,42.27,创新高买入,止损卖出,-1.17
187,002035.XSHE,2023-08-15,2023-08-16,6.1,5.96,创新高买入,止损卖出,-2.3
188,002036.XSHE,2023-05-04,2023-05-05,9.52,9.22,创新高买入,止损卖出,-3.15
189,002036.XSHE,2023-07-31,2023-08-02,11.39,11.36,创新高买入,止损卖出,-0.26
190,002036.XSHE,2023-08-18,2023-08-21,10.22,9.86,创新高买入,开盘卖出,-3.52
191,002036.XSHE,2023-10-26,2023-11-02,9.74,10.36,创新高买入,止损卖出,6.37
192,002038.XSHE,2023-10-30,2023-10-31,12.05,11.9,创新高买入,止损卖出,-1.24
193,002041.XSHE,2023-12-06,2023-12-08,14.64,14.36,创新高买入,止损卖出,-1.91
194,002042.XSHE,2023-11-15,2023-11-23,3.99,4.08,创新高买入,止损卖出,2.26
195,002044.XSHE,2023-10-20,2023-10-24,5.79,5.74,创新高买入,止损卖出,-0.86
196,002048.XSHE,2023-03-16,2023-03-17,14.3,14.03,创新高买入,止损卖出,-1.89
197,002050.XSHE,2023-07-12,2023-07-13,28.11,27.64,创新高买入,止损卖出,-1.67
198,002051.XSHE,2023-10-12,2023-10-13,9.46,9.32,创新高买入,止损卖出,-1.48
199,002055.XSHE,2023-05-04,2023-05-05,8.48,8.13,创新高买入,止损卖出,-4.13
200,002068.XSHE,2023-05-11,2023-05-12,9.93,9.57,创新高买入,止损卖出,-3.63
201,002068.XSHE,2023-08-29,2023-08-31,11.92,12.08,创新高买入,止损卖出,1.34
202,002076.XSHE,2023-03-16,2023-03-17,2.88,2.85,创新高买入,止损卖出,-1.04
203,002079.XSHE,2023-06-12,2023-06-26,11.82,14.75,创新高买入,止损卖出,24.79
204,002080.XSHE,2023-04-25,2023-04-26,20.43,19.19,创新高买入,止损卖出,-6.07
205,002080.XSHE,2023-10-17,2023-10-18,19.09,18.91,创新高买入,止损卖出,-0.94
206,002089.XSHE,2023-03-20,2023-03-22,1.09,1.05,创新高买入,开盘卖出,-3.67
207,002089.XSHE,2023-03-31,2023-04-03,0.98,0.92,创新高买入,开盘卖出,-6.12
208,002089.XSHE,2023-07-07,2023-07-12,1.02,1.05,创新高买入,止损卖出,2.94
209,002092.XSHE,2023-06-15,2023-06-19,6.44,6.52,创新高买入,止损卖出,1.24
210,002096.XSHE,2023-11-20,2023-11-21,9.95,9.83,创新高买入,止损卖出,-1.21
211,002103.XSHE,2023-04-10,2023-04-11,5.82,5.57,创新高买入,止损卖出,-4.3
212,002107.XSHE,2023-06-19,2023-06-20,5.91,5.8,创新高买入,止损卖出,-1.86
213,002110.XSHE,2023-10-26,2023-10-31,4.68,4.75,创新高买入,止损卖出,1.5
214,002119.XSHE,2023-08-15,2023-08-16,12.49,12.3,创新高买入,止损卖出,-1.52
215,002120.XSHE,2023-06-08,2023-06-09,10.13,10.0,创新高买入,止损卖出,-1.28
216,002121.XSHE,2023-03-21,2023-03-23,9.19,8.96,创新高买入,止损卖出,-2.5
217,002122.XSHE,2023-11-24,2023-11-27,4.13,4.03,创新高买入,止损卖出,-2.42
218,002127.XSHE,2023-10-23,2023-10-26,3.29,3.3,创新高买入,止损卖出,0.3
219,002132.XSHE,2023-06-12,2023-06-14,3.43,3.39,创新高买入,止损卖出,-1.17
220,002142.XSHE,2023-04-28,2023-05-08,25.73,27.04,创新高买入,止损卖出,5.09
221,002146.XSHE,2023-03-31,2023-04-03,1.86,1.82,创新高买入,止损卖出,-2.15
222,002146.XSHE,2023-08-16,2023-08-18,2.61,2.51,创新高买入,止损卖出,-3.83
223,002149.XSHE,2023-04-28,2023-05-04,16.24,16.0,创新高买入,止损卖出,-1.48
224,002149.XSHE,2023-06-02,2023-06-06,14.56,14.56,创新高买入,止损卖出,0.0
225,002155.XSHE,2023-07-26,2023-07-28,12.11,12.06,创新高买入,止损卖出,-0.41
226,002162.XSHE,2023-03-09,2023-03-10,4.76,4.68,创新高买入,止损卖出,-1.68
227,002164.XSHE,2023-10-20,2023-10-23,5.14,5.03,创新高买入,止损卖出,-2.14
228,002166.XSHE,2023-04-03,2023-04-06,9.4,9.37,创新高买入,止损卖出,-0.32
229,002172.XSHE,2023-03-09,2023-03-10,3.97,3.9,创新高买入,开盘卖出,-1.76
230,002174.XSHE,2023-02-01,2023-02-06,11.12,11.6,创新高买入,止损卖出,4.32
231,002174.XSHE,2023-07-14,2023-07-17,13.9,13.6,创新高买入,开盘卖出,-2.16
232,002178.XSHE,2023-06-08,2023-06-09,3.75,3.68,创新高买入,止损卖出,-1.87
233,002180.XSHE,2023-03-13,2023-03-15,48.89,47.82,创新高买入,止损卖出,-2.19
234,002180.XSHE,2023-06-29,2023-06-30,34.36,33.76,创新高买入,止损卖出,-1.75
235,002180.XSHE,2023-08-23,2023-08-24,30.37,29.37,创新高买入,止损卖出,-3.29
236,002191.XSHE,2023-06-07,2023-06-14,5.58,5.68,创新高买入,止损卖出,1.79
237,002198.XSHE,2023-08-23,2023-08-24,6.97,6.81,创新高买入,止损卖出,-2.3
238,002215.XSHE,2023-03-09,2023-03-10,6.93,6.87,创新高买入,止损卖出,-0.87
239,002215.XSHE,2023-12-20,2023-12-21,8.46,8.1,创新高买入,止损卖出,-4.26
240,002226.XSHE,2023-12-04,2023-12-05,4.48,4.44,创新高买入,止损卖出,-0.89
241,002229.XSHE,2023-09-18,2023-09-19,37.4,36.11,创新高买入,开盘卖出,-3.45
242,002229.XSHE,2023-10-20,2023-10-23,37.0,33.42,创新高买入,开盘卖出,-9.68
243,002229.XSHE,2023-10-24,2023-10-26,35.06,33.52,创新高买入,开盘卖出,-4.39
244,002229.XSHE,2023-11-24,2023-11-27,33.43,32.43,创新高买入,止损卖出,-2.99
245,002231.XSHE,2023-04-04,2023-04-06,7.46,7.13,创新高买入,止损卖出,-4.42
246,002236.XSHE,2023-05-18,2023-05-22,21.22,21.07,创新高买入,止损卖出,-0.71
247,002236.XSHE,2023-05-31,2023-06-01,19.86,19.09,创新高买入,止损卖出,-3.88
248,002236.XSHE,2023-06-14,2023-06-15,19.95,19.6,创新高买入,止损卖出,-1.75
249,002240.XSHE,2023-03-31,2023-04-03,33.89,33.71,创新高买入,止损卖出,-0.53
250,002242.XSHE,2023-04-07,2023-04-13,15.7,15.86,创新高买入,止损卖出,1.02
251,002245.XSHE,2023-04-21,2023-04-24,13.16,12.61,创新高买入,止损卖出,-4.18
252,002247.XSHE,2023-06-27,2023-07-06,1.89,2.09,创新高买入,止损卖出,10.58
253,002262.XSHE,2023-06-16,2023-06-19,29.62,29.24,创新高买入,止损卖出,-1.28
254,002262.XSHE,2023-08-04,2023-08-07,24.9,24.17,创新高买入,止损卖出,-2.93
255,002262.XSHE,2023-09-26,2023-10-09,26.68,26.4,创新高买入,止损卖出,-1.05
256,002268.XSHE,2023-06-01,2023-06-05,29.83,29.67,创新高买入,止损卖出,-0.54
257,002273.XSHE,2023-06-30,2023-07-03,11.96,11.74,创新高买入,止损卖出,-1.84
258,002294.XSHE,2023-08-04,2023-08-07,31.3,29.0,创新高买入,止损卖出,-7.35
259,002308.XSHE,2023-06-30,2023-07-06,4.66,4.81,创新高买入,开盘卖出,3.22
260,002311.XSHE,2023-08-24,2023-08-28,45.6,45.6,创新高买入,止损卖出,0.0
261,002313.XSHE,2023-07-20,2023-07-24,7.66,7.56,创新高买入,开盘卖出,-1.31
262,002319.XSHE,2023-08-31,2023-09-07,15.49,16.79,创新高买入,止损卖出,8.39
263,002323.XSHE,2023-06-05,2023-06-07,2.68,2.83,创新高买入,止损卖出,5.6
264,002331.XSHE,2023-12-05,2023-12-06,9.76,9.4,创新高买入,止损卖出,-3.69
265,002332.XSHE,2023-06-29,2023-07-03,13.19,12.94,创新高买入,止损卖出,-1.9
266,002332.XSHE,2023-10-12,2023-10-16,11.34,11.23,创新高买入,止损卖出,-0.97
267,002334.XSHE,2023-03-21,2023-03-23,10.21,10.15,创新高买入,止损卖出,-0.59
268,002335.XSHE,2023-01-30,2023-01-31,51.59,49.44,创新高买入,开盘卖出,-4.17
269,002335.XSHE,2023-03-21,2023-03-28,43.43,47.18,创新高买入,止损卖出,8.63
270,002348.XSHE,2023-09-18,2023-09-20,3.43,3.42,创新高买入,开盘卖出,-0.29
271,002351.XSHE,2023-07-12,2023-07-13,19.32,18.29,创新高买入,止损卖出,-5.33
272,002352.XSHE,2023-07-03,2023-07-05,45.43,45.65,创新高买入,止损卖出,0.48
273,002353.XSHE,2023-06-05,2023-06-06,24.32,23.66,创新高买入,止损卖出,-2.71
274,002353.XSHE,2023-08-16,2023-08-17,27.1,26.83,创新高买入,止损卖出,-1.0
275,002354.XSHE,2023-07-31,2023-08-02,6.11,6.07,创新高买入,止损卖出,-0.65
276,002355.XSHE,2023-06-21,2023-06-27,4.69,4.66,创新高买入,止损卖出,-0.64
277,002355.XSHE,2023-10-09,2023-10-11,5.64,5.7,创新高买入,止损卖出,1.06
278,002356.XSHE,2023-10-09,2023-10-10,4.76,4.54,创新高买入,开盘卖出,-4.62
279,002358.XSHE,2023-05-11,2023-05-15,4.38,4.36,创新高买入,开盘卖出,-0.46
280,002366.XSHE,2023-09-27,2023-10-09,5.58,5.54,创新高买入,止损卖出,-0.72
281,002368.XSHE,2023-03-29,2023-04-03,41.53,40.61,创新高买入,止损卖出,-2.22
282,002368.XSHE,2023-09-22,2023-10-09,30.0,30.44,创新高买入,止损卖出,1.47
283,002370.XSHE,2023-04-24,2023-04-25,4.27,4.14,创新高买入,止损卖出,-3.04
284,002371.XSHE,2023-03-30,2023-04-10,271.65,305.14,创新高买入,止损卖出,12.33
285,002371.XSHE,2023-06-27,2023-06-30,300.42,309.52,创新高买入,止损卖出,3.03
286,002373.XSHE,2023-04-28,2023-05-09,13.59,14.2,创新高买入,开盘卖出,4.49
287,002383.XSHE,2023-03-31,2023-04-04,7.21,7.18,创新高买入,止损卖出,-0.42
288,002384.XSHE,2023-01-06,2023-01-12,23.66,24.12,创新高买入,开盘卖出,1.94
289,002384.XSHE,2023-09-12,2023-09-13,18.2,17.95,创新高买入,止损卖出,-1.37
290,002403.XSHE,2023-04-13,2023-04-14,8.9,8.62,创新高买入,止损卖出,-3.15
291,002409.XSHE,2023-03-30,2023-04-10,52.69,64.42,创新高买入,止损卖出,22.26
292,002409.XSHE,2023-08-01,2023-08-07,68.24,70.22,创新高买入,止损卖出,2.9
293,002409.XSHE,2023-10-18,2023-10-19,58.44,56.11,创新高买入,止损卖出,-3.99
294,002414.XSHE,2023-06-13,2023-06-21,7.42,7.72,创新高买入,止损卖出,4.04
295,002415.XSHE,2023-06-14,2023-06-15,33.76,33.18,创新高买入,止损卖出,-1.72
296,002416.XSHE,2023-04-26,2023-04-27,8.13,8.0,创新高买入,止损卖出,-1.6
297,002426.XSHE,2023-04-10,2023-04-11,2.22,2.19,创新高买入,止损卖出,-1.35
298,002427.XSHE,2023-01-17,2023-01-18,6.32,6.1,创新高买入,止损卖出,-3.48
299,002427.XSHE,2023-05-22,2023-05-23,7.22,7.03,创新高买入,止损卖出,-2.63
300,002431.XSHE,2023-06-05,2023-06-07,2.55,2.54,创新高买入,开盘卖出,-0.39
301,002436.XSHE,2023-07-12,2023-07-17,14.24,14.13,创新高买入,止损卖出,-0.77
302,002437.XSHE,2023-01-16,2023-01-17,2.41,2.38,创新高买入,止损卖出,-1.24
303,002439.XSHE,2023-08-23,2023-08-25,27.64,27.55,创新高买入,止损卖出,-0.33
304,002444.XSHE,2023-03-21,2023-03-27,17.84,18.77,创新高买入,止损卖出,5.21
305,002448.XSHE,2023-11-02,2023-11-08,6.69,6.9,创新高买入,止损卖出,3.14
306,002453.XSHE,2023-02-02,2023-02-07,11.32,11.21,创新高买入,止损卖出,-0.97
307,002453.XSHE,2023-03-20,2023-03-22,10.1,10.41,创新高买入,止损卖出,3.07
308,002457.XSHE,2023-04-28,2023-05-09,8.17,8.78,创新高买入,止损卖出,7.47
309,002458.XSHE,2023-02-16,2023-02-27,14.05,15.51,创新高买入,止损卖出,10.39
310,002459.XSHE,2023-09-12,2023-09-13,25.23,24.8,创新高买入,止损卖出,-1.7
311,002460.XSHE,2023-07-26,2023-07-27,58.3,58.15,创新高买入,止损卖出,-0.26
312,002460.XSHE,2023-12-04,2023-12-11,39.13,41.81,创新高买入,止损卖出,6.85
313,002463.XSHE,2023-05-19,2023-05-22,20.24,19.0,创新高买入,开盘卖出,-6.13
314,002466.XSHE,2023-07-26,2023-07-27,65.75,64.89,创新高买入,止损卖出,-1.31
315,002472.XSHE,2023-06-12,2023-06-26,22.62,31.9,创新高买入,止损卖出,41.03
316,002489.XSHE,2023-09-04,2023-09-06,3.47,3.48,创新高买入,止损卖出,0.29
317,002493.XSHE,2023-01-16,2023-01-19,11.38,12.11,创新高买入,止损卖出,6.41
318,002497.XSHE,2023-12-05,2023-12-06,12.68,12.41,创新高买入,开盘卖出,-2.13
319,002501.XSHE,2023-04-26,2023-05-08,1.55,1.64,创新高买入,止损卖出,5.81
320,002508.XSHE,2023-04-18,2023-04-19,27.53,26.97,创新高买入,止损卖出,-2.03
321,002517.XSHE,2023-12-27,2023-12-28,10.44,9.8,创新高买入,止损卖出,-6.13
322,002527.XSHE,2023-07-17,2023-07-18,12.39,12.15,创新高买入,止损卖出,-1.94
323,002539.XSHE,2023-05-23,2023-05-24,9.58,9.46,创新高买入,止损卖出,-1.25
324,002548.XSHE,2023-12-18,2023-12-19,5.98,5.8,创新高买入,止损卖出,-3.01
325,002553.XSHE,2023-07-14,2023-07-19,14.37,14.57,创新高买入,止损卖出,1.39
326,002558.XSHE,2023-07-05,2023-07-06,16.28,15.77,创新高买入,开盘卖出,-3.13
327,002567.XSHE,2023-10-24,2023-11-01,6.18,6.7,创新高买入,开盘卖出,8.41
328,002568.XSHE,2023-05-22,2023-05-24,36.74,37.02,创新高买入,开盘卖出,0.76
329,002594.XSHE,2023-08-17,2023-08-18,245.5,240.4,创新高买入,止损卖出,-2.08
330,002600.XSHE,2023-07-31,2023-08-01,6.19,6.09,创新高买入,止损卖出,-1.62
331,002602.XSHE,2023-12-26,2023-12-27,5.1,4.94,创新高买入,止损卖出,-3.14
332,002605.XSHE,2023-05-18,2023-05-22,30.14,30.44,创新高买入,止损卖出,1.0
333,002605.XSHE,2023-08-22,2023-08-25,30.74,29.78,创新高买入,止损卖出,-3.12
334,002605.XSHE,2023-12-26,2023-12-27,22.48,21.64,创新高买入,止损卖出,-3.74
335,002615.XSHE,2023-11-14,2023-11-17,7.52,7.55,创新高买入,止损卖出,0.4
336,002615.XSHE,2023-12-27,,6.87,,创新高买入,,
337,002623.XSHE,2023-03-06,2023-03-07,32.91,32.4,创新高买入,止损卖出,-1.55
338,002629.XSHE,2023-10-16,2023-10-19,3.87,4.19,创新高买入,止损卖出,8.27
339,002633.XSHE,2023-01-13,2023-01-18,9.38,9.69,创新高买入,止损卖出,3.3
340,002638.XSHE,2023-08-03,2023-08-04,3.14,3.08,创新高买入,开盘卖出,-1.91
341,002640.XSHE,2023-02-20,2023-02-22,4.87,4.87,创新高买入,止损卖出,0.0
342,002640.XSHE,2023-04-10,2023-04-14,4.46,4.38,创新高买入,止损卖出,-1.79
343,002640.XSHE,2023-06-01,2023-06-06,3.86,3.8,创新高买入,止损卖出,-1.55
344,002643.XSHE,2023-05-18,2023-05-23,15.66,15.77,创新高买入,止损卖出,0.7
345,002647.XSHE,2023-05-24,2023-05-25,5.41,5.31,创新高买入,止损卖出,-1.85
346,002658.XSHE,2023-04-06,2023-04-07,8.34,7.91,创新高买入,开盘卖出,-5.16
347,002664.XSHE,2023-11-29,2023-11-30,18.61,18.42,创新高买入,止损卖出,-1.02
348,002667.XSHE,2023-03-01,2023-03-03,23.29,23.06,创新高买入,开盘卖出,-0.99
349,002668.XSHE,2023-07-31,2023-08-01,8.18,8.02,创新高买入,止损卖出,-1.96
350,002683.XSHE,2023-07-11,2023-07-14,28.08,27.8,创新高买入,止损卖出,-1.0
351,002690.XSHE,2023-09-11,2023-09-13,22.19,21.97,创新高买入,止损卖出,-0.99
352,002698.XSHE,2023-09-01,2023-09-04,16.72,16.18,创新高买入,止损卖出,-3.23
353,002709.XSHE,2023-01-06,2023-01-16,44.72,46.59,创新高买入,止损卖出,4.18
354,002714.XSHE,2023-05-22,2023-05-24,42.09,42.14,创新高买入,止损卖出,0.12
355,002714.XSHE,2023-10-11,2023-10-12,36.4,35.53,创新高买入,止损卖出,-2.39
356,002714.XSHE,2023-10-24,2023-11-03,32.09,37.75,创新高买入,止损卖出,17.64
357,002719.XSHE,2023-03-17,2023-03-20,11.98,11.68,创新高买入,开盘卖出,-2.5
358,002719.XSHE,2023-04-18,2023-04-20,9.89,10.55,创新高买入,止损卖出,6.67
359,002723.XSHE,2023-12-08,2023-12-11,10.45,10.16,创新高买入,止损卖出,-2.78
360,002724.XSHE,2023-06-09,2023-06-16,7.92,8.15,创新高买入,止损卖出,2.9
361,002724.XSHE,2023-11-06,2023-11-09,7.94,7.99,创新高买入,止损卖出,0.63
362,002731.XSHE,2023-03-30,2023-04-06,14.54,15.31,创新高买入,止损卖出,5.3
363,002737.XSHE,2023-03-29,2023-03-30,20.87,20.2,创新高买入,止损卖出,-3.21
364,002738.XSHE,2023-05-30,2023-05-31,53.99,52.18,创新高买入,止损卖出,-3.35
365,002738.XSHE,2023-07-26,2023-07-27,48.3,46.58,创新高买入,止损卖出,-3.56
366,002739.XSHE,2023-10-11,2023-10-12,12.7,12.37,创新高买入,止损卖出,-2.6
367,002748.XSHE,2023-06-06,2023-06-07,9.06,8.76,创新高买入,止损卖出,-3.31
368,002748.XSHE,2023-06-27,2023-07-06,8.36,9.3,创新高买入,开盘卖出,11.24
369,002749.XSHE,2023-08-10,2023-08-14,10.43,10.26,创新高买入,止损卖出,-1.63
370,002760.XSHE,2023-05-18,2023-05-22,27.35,27.02,创新高买入,止损卖出,-1.21
371,002769.XSHE,2023-06-05,2023-06-06,8.19,8.08,创新高买入,止损卖出,-1.34
372,002773.XSHE,2023-07-25,2023-07-27,16.23,16.19,创新高买入,止损卖出,-0.25
373,002774.XSHE,2023-04-13,2023-04-14,6.65,6.52,创新高买入,止损卖出,-1.95
374,002777.XSHE,2023-07-05,2023-07-07,31.2,31.66,创新高买入,止损卖出,1.47
375,002782.XSHE,2023-02-23,2023-02-24,19.92,19.64,创新高买入,止损卖出,-1.41
376,002785.XSHE,2023-02-13,2023-02-15,25.28,25.06,创新高买入,止损卖出,-0.87
377,002785.XSHE,2023-03-09,2023-03-10,20.89,20.66,创新高买入,止损卖出,-1.1
378,002785.XSHE,2023-05-31,2023-06-07,20.29,22.96,创新高买入,止损卖出,13.16
379,002791.XSHE,2023-02-01,2023-02-03,99.55,97.59,创新高买入,止损卖出,-1.97
380,002791.XSHE,2023-03-14,2023-03-16,91.85,88.37,创新高买入,开盘卖出,-3.79
381,002799.XSHE,2023-06-27,2023-06-30,11.05,11.15,创新高买入,止损卖出,0.9
382,002802.XSHE,2023-11-28,2023-12-01,12.29,12.82,创新高买入,止损卖出,4.31
383,002812.XSHE,2023-01-06,2023-01-13,137.43,149.49,创新高买入,止损卖出,8.78
384,002821.XSHE,2023-09-11,2023-09-14,124.2,123.72,创新高买入,止损卖出,-0.39
385,002837.XSHE,2023-07-25,2023-07-26,29.31,28.8,创新高买入,止损卖出,-1.74
386,002840.XSHE,2023-06-08,2023-06-13,14.81,15.37,创新高买入,止损卖出,3.78
387,002843.XSHE,2023-11-20,2023-11-22,25.61,24.75,创新高买入,开盘卖出,-3.36
388,002847.XSHE,2023-04-19,2023-04-21,84.99,83.9,创新高买入,止损卖出,-1.28
389,002850.XSHE,2023-05-23,2023-05-24,131.11,128.6,创新高买入,止损卖出,-1.91
390,002850.XSHE,2023-07-20,2023-07-21,120.86,120.51,创新高买入,止损卖出,-0.29
391,002851.XSHE,2023-11-06,2023-11-10,26.47,26.86,创新高买入,止损卖出,1.47
392,002852.XSHE,2023-01-10,2023-01-11,12.21,12.06,创新高买入,止损卖出,-1.23
393,002855.XSHE,2023-12-01,2023-12-06,31.69,32.31,创新高买入,止损卖出,1.96
394,002859.XSHE,2023-03-24,2023-04-04,27.19,29.3,创新高买入,止损卖出,7.76
395,002862.XSHE,2023-12-26,2023-12-27,21.46,19.9,创新高买入,止损卖出,-7.27
396,002865.XSHE,2023-07-13,2023-07-14,130.3,123.42,创新高买入,开盘卖出,-5.28
397,002867.XSHE,2023-11-02,2023-11-06,14.82,14.81,创新高买入,止损卖出,-0.07
398,002869.XSHE,2023-04-10,2023-04-14,25.85,27.9,创新高买入,止损卖出,7.93
399,002873.XSHE,2023-08-09,2023-08-11,11.86,11.87,创新高买入,开盘卖出,0.08
400,002881.XSHE,2023-07-14,2023-07-17,31.25,30.7,创新高买入,止损卖出,-1.76
401,002889.XSHE,2023-11-15,2023-11-17,30.56,28.72,创新高买入,止损卖出,-6.02
402,002895.XSHE,2023-02-20,2023-02-23,27.77,29.75,创新高买入,止损卖出,7.13
403,002901.XSHE,2023-03-28,2023-03-29,36.54,35.83,创新高买入,止损卖出,-1.94
404,002902.XSHE,2023-04-20,2023-04-21,17.55,17.06,创新高买入,止损卖出,-2.79
405,002906.XSHE,2023-03-15,2023-03-16,31.38,31.05,创新高买入,止损卖出,-1.05
406,002918.XSHE,2023-02-08,2023-02-10,19.19,18.85,创新高买入,止损卖出,-1.77
407,002919.XSHE,2023-12-27,2023-12-28,25.65,24.66,创新高买入,止损卖出,-3.86
408,002920.XSHE,2023-08-22,2023-08-24,143.5,139.86,创新高买入,止损卖出,-2.54
409,002928.XSHE,2023-06-09,2023-06-14,8.33,8.58,创新高买入,止损卖出,3.0
410,002929.XSHE,2023-09-21,2023-09-27,36.13,36.08,创新高买入,止损卖出,-0.14
411,002943.XSHE,2023-04-17,2023-04-18,33.64,33.24,创新高买入,止损卖出,-1.19
412,002946.XSHE,2023-07-03,2023-07-05,14.58,14.57,创新高买入,止损卖出,-0.07
413,002946.XSHE,2023-08-17,2023-08-21,14.35,14.05,创新高买入,止损卖出,-2.09
414,002947.XSHE,2023-03-23,2023-03-27,21.68,21.72,创新高买入,止损卖出,0.18
415,002949.XSHE,2023-05-25,2023-05-26,14.24,13.96,创新高买入,止损卖出,-1.97
416,002956.XSHE,2023-06-29,2023-07-03,15.22,15.13,创新高买入,止损卖出,-0.59
417,002959.XSHE,2023-03-14,2023-03-16,68.07,65.84,创新高买入,开盘卖出,-3.28
418,002960.XSHE,2023-03-10,2023-03-13,22.37,21.96,创新高买入,止损卖出,-1.83
419,002970.XSHE,2023-05-17,2023-05-22,25.99,27.73,创新高买入,止损卖出,6.69
420,002981.XSHE,2023-06-15,2023-06-19,23.79,23.25,创新高买入,止损卖出,-2.27
421,002992.XSHE,2023-02-09,2023-02-10,49.05,46.91,创新高买入,止损卖出,-4.36
422,002993.XSHE,2023-08-01,2023-08-07,34.5,34.75,创新高买入,止损卖出,0.72
423,002995.XSHE,2023-03-20,2023-03-27,18.88,21.57,创新高买入,开盘卖出,14.25
424,002995.XSHE,2023-04-20,2023-04-21,18.43,17.97,创新高买入,止损卖出,-2.5
425,002997.XSHE,2023-04-17,2023-04-18,23.92,23.46,创新高买入,止损卖出,-1.92
426,002997.XSHE,2023-11-15,2023-11-17,38.59,38.25,创新高买入,开盘卖出,-0.88
427,003006.XSHE,2023-07-13,2023-07-14,16.51,15.82,创新高买入,开盘卖出,-4.18
428,003008.XSHE,2023-10-18,2023-10-19,25.45,25.06,创新高买入,止损卖出,-1.53
429,003021.XSHE,2023-05-05,2023-05-15,74.53,84.01,创新高买入,止损卖出,12.72
430,003022.XSHE,2023-08-10,2023-08-11,22.79,22.59,创新高买入,止损卖出,-0.88
431,600026.XSHG,2023-12-15,2023-12-25,11.8,12.47,创新高买入,止损卖出,5.68
432,600029.XSHG,2023-06-06,2023-06-07,5.9,5.83,创新高买入,止损卖出,-1.19
433,600035.XSHG,2023-09-04,2023-09-06,3.74,3.76,创新高买入,止损卖出,0.53
434,600039.XSHG,2023-09-06,2023-09-08,7.74,7.49,创新高买入,止损卖出,-3.23
435,600066.XSHG,2023-09-01,2023-09-08,12.75,13.02,创新高买入,开盘卖出,2.12
436,600079.XSHG,2023-09-26,2023-10-09,23.84,23.81,创新高买入,止损卖出,-0.13
437,600095.XSHG,2023-06-08,2023-06-21,7.38,7.79,创新高买入,止损卖出,5.56
438,600096.XSHG,2023-12-20,2023-12-21,14.33,14.11,创新高买入,开盘卖出,-1.54
439,600116.XSHG,2023-09-26,2023-10-09,7.6,7.62,创新高买入,止损卖出,0.26
440,600129.XSHG,2023-06-15,2023-06-16,60.17,58.61,创新高买入,止损卖出,-2.59
441,600129.XSHG,2023-11-17,2023-11-23,40.7,44.05,创新高买入,止损卖出,8.23
442,600132.XSHG,2023-04-14,2023-04-19,112.52,108.27,创新高买入,止损卖出,-3.78
443,600132.XSHG,2023-05-19,2023-05-24,92.33,92.29,创新高买入,开盘卖出,-0.04
444,600132.XSHG,2023-07-11,2023-07-14,87.75,88.13,创新高买入,止损卖出,0.43
445,600132.XSHG,2023-11-06,2023-11-08,74.58,73.7,创新高买入,止损卖出,-1.18
446,600141.XSHG,2023-04-17,2023-04-18,25.82,25.47,创新高买入,止损卖出,-1.36
447,600152.XSHG,2023-07-19,2023-07-20,8.27,8.16,创新高买入,止损卖出,-1.33
448,600153.XSHG,2023-05-08,2023-05-12,10.37,10.53,创新高买入,止损卖出,1.54
449,600184.XSHG,2023-12-20,2023-12-21,11.27,11.1,创新高买入,止损卖出,-1.51
450,600185.XSHG,2023-07-19,2023-07-21,6.0,6.06,创新高买入,开盘卖出,1.0
451,600186.XSHG,2023-12-01,2023-12-04,5.98,5.88,创新高买入,止损卖出,-1.67
452,600196.XSHG,2023-02-02,2023-02-03,33.78,33.57,创新高买入,止损卖出,-0.62
453,600202.XSHG,2023-09-26,2023-09-27,6.27,6.06,创新高买入,止损卖出,-3.35
454,600211.XSHG,2023-07-17,2023-07-18,54.86,53.35,创新高买入,止损卖出,-2.75
455,600228.XSHG,2023-09-18,2023-09-19,7.99,7.82,创新高买入,止损卖出,-2.13
456,600241.XSHG,2023-06-06,2023-06-07,8.36,8.17,创新高买入,止损卖出,-2.27
457,600246.XSHG,2023-06-15,2023-06-20,6.29,6.73,创新高买入,止损卖出,7.0
458,600246.XSHG,2023-10-17,2023-10-19,4.95,4.84,创新高买入,止损卖出,-2.22
459,600255.XSHG,2023-05-31,2023-06-01,2.07,2.04,创新高买入,止损卖出,-1.45
460,600261.XSHG,2023-12-13,2023-12-15,3.44,3.4,创新高买入,止损卖出,-1.16
461,600266.XSHG,2023-12-01,2023-12-06,5.32,5.3,创新高买入,止损卖出,-0.38
462,600271.XSHG,2023-11-06,2023-11-09,11.32,11.28,创新高买入,止损卖出,-0.35
463,600278.XSHG,2023-09-04,2023-09-06,6.97,6.95,创新高买入,开盘卖出,-0.29
464,600302.XSHG,2023-10-17,2023-10-18,5.09,5.02,创新高买入,止损卖出,-1.38
465,600322.XSHG,2023-05-31,2023-06-01,1.69,1.66,创新高买入,止损卖出,-1.78
466,600325.XSHG,2023-02-01,2023-02-03,9.18,9.06,创新高买入,止损卖出,-1.31
467,600338.XSHG,2023-12-04,2023-12-06,12.13,12.29,创新高买入,止损卖出,1.32
468,600340.XSHG,2023-10-20,2023-10-26,1.85,1.86,创新高买入,开盘卖出,0.54
469,600351.XSHG,2023-11-07,2023-11-13,8.0,8.23,创新高买入,止损卖出,2.88
470,600353.XSHG,2023-02-22,2023-02-23,9.08,8.97,创新高买入,止损卖出,-1.21
471,600376.XSHG,2023-12-13,2023-12-18,3.27,3.3,创新高买入,开盘卖出,0.92
472,600380.XSHG,2023-08-09,2023-08-11,11.64,11.49,创新高买入,止损卖出,-1.29
473,600388.XSHG,2023-05-12,2023-05-15,16.02,15.17,创新高买入,开盘卖出,-5.31
474,600395.XSHG,2023-10-09,2023-10-11,6.19,6.16,创新高买入,开盘卖出,-0.48
475,600403.XSHG,2023-05-30,2023-05-31,4.24,4.16,创新高买入,止损卖出,-1.89
476,600419.XSHG,2023-08-17,2023-08-18,15.02,14.68,创新高买入,止损卖出,-2.26
477,600422.XSHG,2023-03-24,2023-03-27,19.12,17.6,创新高买入,止损卖出,-7.95
478,600422.XSHG,2023-03-28,2023-03-30,18.54,19.12,创新高买入,止损卖出,3.13
479,600433.XSHG,2023-04-24,2023-04-25,3.53,3.44,创新高买入,止损卖出,-2.55
480,600435.XSHG,2023-02-22,2023-02-28,12.15,12.56,创新高买入,止损卖出,3.37
481,600452.XSHG,2023-01-17,2023-01-19,15.04,14.9,创新高买入,止损卖出,-0.93
482,600480.XSHG,2023-11-02,2023-11-03,8.52,8.4,创新高买入,止损卖出,-1.41
483,600481.XSHG,2023-07-20,2023-07-21,11.75,11.73,创新高买入,止损卖出,-0.17
484,600483.XSHG,2023-06-09,2023-06-12,8.83,8.69,创新高买入,止损卖出,-1.59
485,600507.XSHG,2023-05-09,2023-05-10,5.15,5.14,创新高买入,止损卖出,-0.19
486,600520.XSHG,2023-12-04,2023-12-06,33.29,33.29,创新高买入,开盘卖出,0.0
487,600523.XSHG,2023-01-19,2023-02-02,14.88,16.66,创新高买入,止损卖出,11.96
488,600525.XSHG,2023-05-09,2023-05-15,5.04,5.18,创新高买入,止损卖出,2.78
489,600535.XSHG,2023-03-28,2023-03-30,13.68,14.0,创新高买入,止损卖出,2.34
490,600537.XSHG,2023-07-13,2023-07-14,7.19,6.91,创新高买入,止损卖出,-3.89
491,600551.XSHG,2023-11-02,2023-11-10,10.61,11.49,创新高买入,止损卖出,8.29
492,600559.XSHG,2023-09-04,2023-09-06,24.18,24.83,创新高买入,开盘卖出,2.69
493,600576.XSHG,2023-08-01,2023-08-02,8.18,7.9,创新高买入,开盘卖出,-3.42
494,600588.XSHG,2023-03-24,2023-03-29,24.86,24.71,创新高买入,止损卖出,-0.6
495,600596.XSHG,2023-04-14,2023-04-17,13.35,12.17,创新高买入,开盘卖出,-8.84
496,600596.XSHG,2023-04-20,2023-04-21,12.4,12.06,创新高买入,开盘卖出,-2.74
497,600605.XSHG,2023-11-17,2023-11-22,18.52,20.42,创新高买入,开盘卖出,10.26
498,600610.XSHG,2023-02-14,2023-02-15,15.26,15.07,创新高买入,止损卖出,-1.25
499,600610.XSHG,2023-10-11,2023-10-12,8.63,8.33,创新高买入,止损卖出,-3.48
500,600610.XSHG,2023-10-31,2023-11-02,7.58,7.35,创新高买入,止损卖出,-3.03
501,600615.XSHG,2023-04-12,2023-04-13,8.29,8.21,创新高买入,开盘卖出,-0.97
502,600622.XSHG,2023-07-20,2023-08-02,2.86,3.33,创新高买入,止损卖出,16.43
503,600663.XSHG,2023-11-15,2023-11-16,8.57,8.54,创新高买入,止损卖出,-0.35
504,600665.XSHG,2023-05-08,2023-05-10,3.89,3.81,创新高买入,开盘卖出,-2.06
505,600681.XSHG,2023-08-11,2023-08-14,4.61,4.34,创新高买入,开盘卖出,-5.86
506,600720.XSHG,2023-03-30,2023-04-03,10.67,10.52,创新高买入,止损卖出,-1.41
507,600732.XSHG,2023-12-06,2023-12-11,16.33,15.5,创新高买入,开盘卖出,-5.08
508,600754.XSHG,2023-09-01,2023-09-06,38.94,39.68,创新高买入,止损卖出,1.9
509,600755.XSHG,2023-05-23,2023-05-24,8.01,7.92,创新高买入,止损卖出,-1.12
510,600763.XSHG,2023-09-18,2023-09-21,87.7,86.81,创新高买入,止损卖出,-1.01
511,600763.XSHG,2023-12-11,2023-12-13,74.9,75.66,创新高买入,止损卖出,1.01
512,600785.XSHG,2023-06-21,2023-06-26,13.97,13.76,创新高买入,开盘卖出,-1.5
513,600809.XSHG,2023-05-25,2023-05-29,215.54,211.18,创新高买入,止损卖出,-2.02
514,600818.XSHG,2023-03-20,2023-03-21,23.48,22.61,创新高买入,止损卖出,-3.71
515,600818.XSHG,2023-03-28,2023-03-30,19.63,20.34,创新高买入,止损卖出,3.62
516,600818.XSHG,2023-06-14,2023-06-19,22.11,22.3,创新高买入,止损卖出,0.86
517,600818.XSHG,2023-09-28,2023-10-10,13.25,13.2,创新高买入,止损卖出,-0.38
518,600818.XSHG,2023-11-20,2023-11-23,13.05,13.54,创新高买入,止损卖出,3.75
519,600846.XSHG,2023-07-11,2023-07-13,9.66,9.54,创新高买入,止损卖出,-1.24
520,600976.XSHG,2023-08-03,2023-08-07,67.83,66.51,创新高买入,开盘卖出,-1.95
521,600988.XSHG,2023-04-04,2023-04-07,18.13,18.41,创新高买入,开盘卖出,1.54
522,600992.XSHG,2023-04-21,2023-04-24,17.55,16.98,创新高买入,开盘卖出,-3.25
523,600996.XSHG,2023-02-06,2023-02-08,14.45,14.01,创新高买入,止损卖出,-3.04
524,601020.XSHG,2023-06-21,2023-06-26,8.62,8.4,创新高买入,止损卖出,-2.55
525,601098.XSHG,2023-12-01,2023-12-05,10.81,11.08,创新高买入,止损卖出,2.5
526,601127.XSHG,2023-11-28,2023-11-29,76.93,76.09,创新高买入,止损卖出,-1.09
527,601138.XSHG,2023-09-11,2023-09-13,19.22,19.08,创新高买入,止损卖出,-0.73
528,601155.XSHG,2023-05-26,2023-05-30,13.97,13.92,创新高买入,止损卖出,-0.36
529,601188.XSHG,2023-09-13,2023-09-20,3.64,5.29,创新高买入,开盘卖出,45.33
530,601199.XSHG,2023-03-29,2023-04-03,7.65,7.53,创新高买入,止损卖出,-1.57
531,601238.XSHG,2023-03-15,2023-03-16,10.6,10.54,创新高买入,开盘卖出,-0.57
532,601318.XSHG,2023-11-14,2023-11-16,42.55,42.88,创新高买入,止损卖出,0.78
533,601360.XSHG,2023-05-26,2023-05-30,13.49,13.11,创新高买入,止损卖出,-2.82
534,601595.XSHG,2023-04-19,2023-04-24,29.66,30.83,创新高买入,开盘卖出,3.94
535,601595.XSHG,2023-05-19,2023-05-22,31.14,29.72,创新高买入,止损卖出,-4.56
536,601601.XSHG,2023-11-14,2023-11-16,24.29,24.2,创新高买入,止损卖出,-0.37
537,601628.XSHG,2023-05-26,2023-05-31,37.02,36.58,创新高买入,止损卖出,-1.19
538,601636.XSHG,2023-12-11,2023-12-13,6.99,6.97,创新高买入,止损卖出,-0.29
539,601677.XSHG,2023-01-10,2023-01-12,17.65,17.42,创新高买入,止损卖出,-1.3
540,601677.XSHG,2023-02-20,2023-02-22,18.95,19.02,创新高买入,止损卖出,0.37
541,601799.XSHG,2023-03-15,2023-03-16,130.99,126.91,创新高买入,开盘卖出,-3.11
542,601888.XSHG,2023-07-04,2023-07-05,115.52,112.87,创新高买入,止损卖出,-2.29
543,601899.XSHG,2023-10-10,2023-10-11,12.28,12.2,创新高买入,止损卖出,-0.65
544,601966.XSHG,2023-12-08,2023-12-11,18.77,18.3,创新高买入,开盘卖出,-2.5
545,601975.XSHG,2023-07-03,2023-07-05,2.88,2.89,创新高买入,止损卖出,0.35
546,603000.XSHG,2023-07-05,2023-07-06,28.96,27.62,创新高买入,开盘卖出,-4.63
547,603021.XSHG,2023-11-28,2023-11-30,5.83,5.98,创新高买入,止损卖出,2.57
548,603028.XSHG,2023-11-09,2023-11-10,12.53,12.32,创新高买入,开盘卖出,-1.68
549,603032.XSHG,2023-02-10,2023-02-16,57.28,60.36,创新高买入,止损卖出,5.38
550,603035.XSHG,2023-04-17,2023-04-19,17.19,17.39,创新高买入,止损卖出,1.16
551,603039.XSHG,2023-05-08,2023-05-10,73.13,73.82,创新高买入,止损卖出,0.94
552,603039.XSHG,2023-08-31,2023-09-04,62.75,60.92,创新高买入,止损卖出,-2.92
553,603088.XSHG,2023-10-18,2023-10-19,8.11,7.94,创新高买入,止损卖出,-2.1
554,603101.XSHG,2023-01-16,2023-01-17,5.52,5.51,创新高买入,止损卖出,-0.18
555,603103.XSHG,2023-08-22,2023-08-30,17.21,18.7,创新高买入,止损卖出,8.66
556,603110.XSHG,2023-11-14,2023-11-16,29.93,29.2,创新高买入,止损卖出,-2.44
557,603127.XSHG,2023-07-19,2023-07-20,26.85,26.57,创新高买入,止损卖出,-1.04
558,603129.XSHG,2023-03-15,2023-03-16,133.6,131.66,创新高买入,止损卖出,-1.45
559,603178.XSHG,2023-11-29,2023-11-30,41.09,38.8,创新高买入,开盘卖出,-5.57
560,603180.XSHG,2023-04-19,2023-04-20,40.13,38.43,创新高买入,止损卖出,-4.24
561,603186.XSHG,2023-03-02,2023-03-06,33.41,31.59,创新高买入,止损卖出,-5.45
562,603186.XSHG,2023-09-22,2023-09-27,30.39,30.8,创新高买入,止损卖出,1.35
563,603195.XSHG,2023-12-11,2023-12-13,94.62,94.26,创新高买入,止损卖出,-0.38
564,603196.XSHG,2023-11-29,2023-12-05,14.15,14.3,创新高买入,止损卖出,1.06
565,603198.XSHG,2023-02-02,2023-02-03,64.92,63.86,创新高买入,止损卖出,-1.63
566,603218.XSHG,2023-06-14,2023-06-21,18.94,19.89,创新高买入,止损卖出,5.02
567,603220.XSHG,2023-11-07,2023-11-10,39.26,40.46,创新高买入,开盘卖出,3.06
568,603222.XSHG,2023-03-29,2023-04-06,12.04,13.23,创新高买入,止损卖出,9.88
569,603227.XSHG,2023-01-30,2023-01-31,8.74,8.71,创新高买入,止损卖出,-0.34
570,603232.XSHG,2023-07-04,2023-07-05,15.31,14.75,创新高买入,止损卖出,-3.66
571,603278.XSHG,2023-08-24,2023-08-25,11.36,10.97,创新高买入,止损卖出,-3.43
572,603288.XSHG,2023-03-13,2023-03-14,62.55,62.09,创新高买入,止损卖出,-0.74
573,603290.XSHG,2023-11-28,2023-12-01,185.56,186.1,创新高买入,止损卖出,0.29
574,603309.XSHG,2023-08-10,2023-08-14,12.96,12.7,创新高买入,开盘卖出,-2.01
575,603311.XSHG,2023-11-24,2023-11-27,10.97,10.88,创新高买入,止损卖出,-0.82
576,603345.XSHG,2023-07-06,2023-07-10,144.96,147.51,创新高买入,止损卖出,1.76
577,603345.XSHG,2023-09-22,2023-09-28,128.85,129.79,创新高买入,止损卖出,0.73
578,603348.XSHG,2023-01-31,2023-02-03,63.89,65.71,创新高买入,止损卖出,2.85
579,603367.XSHG,2023-04-06,2023-04-11,13.77,13.84,创新高买入,止损卖出,0.51
580,603379.XSHG,2023-01-18,2023-01-19,26.45,26.09,创新高买入,止损卖出,-1.36
581,603380.XSHG,2023-04-04,2023-04-10,25.85,26.01,创新高买入,止损卖出,0.62
582,603398.XSHG,2023-09-27,2023-10-09,19.15,19.37,创新高买入,止损卖出,1.15
583,603399.XSHG,2023-09-28,2023-10-09,9.46,9.25,创新高买入,止损卖出,-2.22
584,603408.XSHG,2023-05-10,2023-05-15,9.94,9.95,创新高买入,止损卖出,0.1
585,603429.XSHG,2023-08-24,2023-09-06,8.17,8.93,创新高买入,开盘卖出,9.3
586,603439.XSHG,2023-07-06,2023-07-12,15.66,15.63,创新高买入,止损卖出,-0.19
587,603517.XSHG,2023-07-07,2023-07-11,34.1,33.7,创新高买入,止损卖出,-1.17
588,603518.XSHG,2023-07-19,2023-07-20,10.37,10.09,创新高买入,止损卖出,-2.7
589,603556.XSHG,2023-07-27,2023-07-28,25.47,25.08,创新高买入,止损卖出,-1.53
590,603569.XSHG,2023-11-03,2023-11-07,12.5,12.57,创新高买入,止损卖出,0.56
591,603598.XSHG,2023-11-30,2023-12-06,14.65,15.46,创新高买入,开盘卖出,5.53
592,603605.XSHG,2023-08-24,2023-08-25,99.9,98.81,创新高买入,止损卖出,-1.09
593,603606.XSHG,2023-02-07,2023-02-08,58.15,57.01,创新高买入,开盘卖出,-1.96
594,603619.XSHG,2023-10-13,2023-10-19,19.5,22.37,创新高买入,止损卖出,14.72
595,603629.XSHG,2023-11-30,2023-12-05,29.53,29.7,创新高买入,止损卖出,0.58
596,603633.XSHG,2023-01-17,2023-01-18,10.13,10.0,创新高买入,止损卖出,-1.28
597,603636.XSHG,2023-02-16,2023-02-17,17.11,16.63,创新高买入,止损卖出,-2.81
598,603636.XSHG,2023-09-22,2023-10-11,11.92,12.28,创新高买入,止损卖出,3.02
599,603637.XSHG,2023-04-21,2023-04-24,8.57,8.26,创新高买入,开盘卖出,-3.62
600,603656.XSHG,2023-09-20,2023-09-21,12.36,12.15,创新高买入,止损卖出,-1.7
601,603659.XSHG,2023-09-01,2023-09-07,33.27,33.56,创新高买入,止损卖出,0.87
602,603659.XSHG,2023-09-20,2023-09-21,31.03,30.58,创新高买入,止损卖出,-1.45
603,603666.XSHG,2023-09-19,2023-09-22,30.47,33.08,创新高买入,止损卖出,8.57
604,603668.XSHG,2023-02-06,2023-02-07,17.72,17.48,创新高买入,止损卖出,-1.35
605,603678.XSHG,2023-09-28,2023-10-09,30.45,29.95,创新高买入,止损卖出,-1.64
606,603680.XSHG,2023-07-11,2023-07-12,9.59,9.51,创新高买入,止损卖出,-0.83
607,603681.XSHG,2023-08-11,2023-08-14,13.71,13.26,创新高买入,开盘卖出,-3.28
608,603687.XSHG,2023-12-08,2023-12-11,10.87,10.5,创新高买入,开盘卖出,-3.4
609,603709.XSHG,2023-04-12,2023-04-14,13.02,13.63,创新高买入,止损卖出,4.69
610,603711.XSHG,2023-07-07,2023-07-12,18.72,18.55,创新高买入,止损卖出,-0.91
611,603733.XSHG,2023-02-10,2023-02-15,29.13,29.27,创新高买入,止损卖出,0.48
612,603773.XSHG,2023-03-06,2023-03-07,21.92,21.38,创新高买入,止损卖出,-2.46
613,603773.XSHG,2023-09-19,2023-09-20,32.0,28.6,创新高买入,止损卖出,-10.62
614,603777.XSHG,2023-01-31,2023-02-07,18.42,18.91,创新高买入,止损卖出,2.66
615,603778.XSHG,2023-08-07,2023-08-14,4.62,5.92,创新高买入,止损卖出,28.14
616,603800.XSHG,2023-02-22,2023-02-27,30.89,31.01,创新高买入,止损卖出,0.39
617,603823.XSHG,2023-08-02,2023-08-03,11.19,11.03,创新高买入,止损卖出,-1.43
618,603867.XSHG,2023-04-12,2023-04-13,33.0,32.14,创新高买入,止损卖出,-2.61
619,603871.XSHG,2023-01-10,2023-01-16,14.79,15.15,创新高买入,止损卖出,2.43
620,603883.XSHG,2023-04-06,2023-04-10,34.67,34.78,创新高买入,止损卖出,0.32
621,603885.XSHG,2023-09-20,2023-09-22,14.97,14.89,创新高买入,止损卖出,-0.53
622,603896.XSHG,2023-12-11,2023-12-13,33.67,33.24,创新高买入,止损卖出,-1.28
623,603901.XSHG,2023-03-02,2023-03-03,17.34,17.05,创新高买入,止损卖出,-1.67
624,603906.XSHG,2023-09-05,2023-09-06,13.12,12.92,创新高买入,止损卖出,-1.52
625,603912.XSHG,2023-10-10,2023-10-20,8.12,9.12,创新高买入,开盘卖出,12.32
626,603938.XSHG,2023-04-21,2023-04-24,23.03,22.38,创新高买入,止损卖出,-2.82
627,603990.XSHG,2023-08-03,2023-08-04,16.13,15.71,创新高买入,止损卖出,-2.6
628,603995.XSHG,2023-06-26,2023-06-29,22.7,22.67,创新高买入,止损卖出,-0.13
629,603997.XSHG,2023-01-20,2023-02-03,14.77,16.32,创新高买入,止损卖出,10.49
630,603998.XSHG,2023-05-15,2023-05-17,12.16,11.9,创新高买入,止损卖出,-2.14
631,605177.XSHG,2023-11-09,2023-11-10,28.83,28.2,创新高买入,开盘卖出,-2.19
632,605377.XSHG,2023-02-20,2023-02-22,20.61,20.56,创新高买入,止损卖出,-0.24
